building wide sensor|broad construction across-the-board up building wide-eyed construct build wide detector
internal building variable|star construction varying construct up building variable home inner build internal
site|web locate site
reset variable|star varying readjust reset variable
chilled water valve pressure|body of blackmail pressure water press system atmospheric chill urine coerce imperativeness cool valve
status sensor|status detector condition
timer variable|star varying timer timekeeper variable
supply air temp setpoint|supply provision provide atmosphere vent breeze add out issue air temp travel temperature publicize tune
ahu|of whole cover atmosphere vent breeze out treat air handling treatment manage handle wield travel unit measurement publicize tune
ahu-id|of whole cover atmosphere vent breeze out treat air handling treatment manage handle wield travel unit measurement publicize tune
room temp setpoint|room board temperature temp
pid loop gain|inflammatory pelvic closed addition iteration gain disease profit derive coil advance amplification cringle topology acquire circuit reach loop
room|room board
room-id|
room temp|room board temperature temp
temp setpoint off|murder away temp off temperature
discharge air pressure sensor|atmospheric travel drop tune pressure vent out air dismissal publicize blackmail free fire release exhaust coerce imperativeness discharge acquit atmosphere detector press breeze dispatch empty
vav reheat discharge air pressure sensor|atmospheric volume travel tune drop book pressure vent out air variable dismissal publicize blackmail star bulk varying free fire release exhaust coerce imperativeness discharge acquit atmosphere detector press breeze dispatch empty reheat
differential pressure status sensor|function blackmail pressure detector differential press gear atmospheric status condition coerce imperativeness derived
exhaust fan|down exhaust consume run fan sports winnow
exhaust fan-id|down exhaust consume run
filtered air volume|bulk atmosphere vent breeze out volume air publicize percolate travel book filter trickle tune
air volume|bulk atmosphere vent breeze out volume air travel book publicize tune
return air temp|fall rejoinder travel tune key hark vent revert out air render temperature publicize refund reelect recurrence tax atmosphere back restitution come retort breeze temp reappearance return
fan speed reset|rush rapidly readjust speed focal accelerate reset fan ratio amphetamine travel sports winnow
start stop sensor|arrest down depart begin end beginning check originate on catch get stop hold period starting diaphragm intercept startle discontinue detector barricade break start signal consonant blockage
avg discharge air pressure sensor|average modal atmospheric median travel drop tune pressure vent out air dismissal publicize blackmail free fire release exhaust coerce imperativeness discharge acquit atmosphere detector press breeze dispatch empty
floor|floor shock deck
floor-id|
min discharge air pressure sensor|atmospheric travel drop tune pressure vent out air dismissal publicize blackmail free fire release exhaust coerce imperativeness discharge acquit atmosphere detector Min press breeze dispatch empty minute
max discharge air pressure sensor|atmospheric travel drop tune pressure vent out air dismissal publicize blackmail free fire release exhaust coerce imperativeness discharge acquit atmosphere detector press breeze dispatch empty soap
alarm variable|alarm star varying dismay clock variable
supply fan|supply provision provide add fan issue sports winnow
supply fan-id|supply provision provide add issue
supply air setpoint flag|supply provision provide masthead atmosphere vent breeze up add iris out ease issue air sag flag travel pin publicize tune
static pressure alarm|alarm blackmail pressure press atmospheric dismay inactive coerce imperativeness clock static electrostatic
east filtered static pressure sensor|blackmail pressure detector press atmospheric East electrostatic east static inactive coerce imperativeness percolate filter trickle
east static pressure sensor|blackmail pressure detector press atmospheric East east inactive coerce imperativeness static electrostatic
entering static pressure setpoint|enroll insert accede embark blackmail pressure press figure atmospheric record static enter inactive coerce imperativeness entrance electrostatic
pid loop i variable|inflammatory pelvic closed star iteration varying disease coil cringle topology variable iodine one circuit I loop
pid loop p variable|inflammatory pelvic closed star iteration varying disease coil cringle topology variable P circuit phosphorus loop
west filtered static pressure sensor|blackmail pressure detector press West electrostatic static atmospheric inactive west coerce imperativeness percolate filter trickle
static pressure setpoint|blackmail pressure press atmospheric inactive coerce imperativeness static electrostatic
filtered static pressure sensor|blackmail pressure detector press trickle atmospheric static inactive coerce imperativeness percolate filter electrostatic
mixed air damper|interracial damper atmosphere vent breeze mix desegregate out blend air assorted travel damp shuffle publicize tune
fault sensor|blame mistake defect demerit fault detector
hot water valve position|body of water status position placement system side blistering urine place situation hot stead put valve military
damper economize flag|damper masthead conserve up iris ease sag save flag pin damp
mixed air temp|interracial atmosphere vent breeze temperature mix desegregate out blend air temp assorted travel shuffle publicize tune
supply air temp|supply provision provide atmosphere vent breeze add out issue air temp travel temperature publicize tune
smoke alarm|roll of alarm smoke fastball pot dismay tobacco clock fume
fan speed|rush rapidly speed focal accelerate fan ratio amphetamine travel sports winnow
static pressure sensor|blackmail pressure detector press atmospheric inactive coerce imperativeness static electrostatic
low return air temp alarm|fall rejoinder travel tune key hark vent gloomy gear revert out Low render air clock abject moo temperature humble publicize refund reelect first dismay recurrence depleted tax low atmosphere back alarm restitution come retort breeze temp broken reappearance return
pid loop variable|inflammatory pelvic closed star iteration varying disease coil cringle topology variable circuit loop
curtailment override variable|star nullification varying suppression variable curtailment retrenchment override overrule
event sensor|event consequence detector
occupancy sensor|occupancy occupation detector
reheat valve position|status position placement side place situation stead put reheat valve military
day start time sensor|down depart prison term begin time beginning originate clock fourth day dimension get Day starting sidereal startle detector start signal meter
night start time sensor|beginning get down detector Nox start depart starting signal meter originate clock prison term fourth startle dimension begin time night
daytime setpoint|day
nighttime setpoint|night
outside air temp|atmosphere vent breeze out away air outside temp outdoor travel external temperature publicize tune
chilled water return temp|system fall rejoinder key hark revert render temperature of refund reelect urine recurrence cool tax back body restitution water come retort chill temp reappearance return
chiller|hair-raiser
chiller-id|
chilled water supply temp|body of supply provision provide water system chill add urine issue temp cool temperature
chilled/condensor water loop|body of closed water iteration system chill coil urine cringle topology cool circuit loop
chilled/condensor water loop-id|body of water system chill urine cool
pump|pump heart
pump-id|
system start/stop sensor|arrest down depart system begin end arrangement beginning check originate on catch organization get stop hold period starting diaphragm intercept startle discontinue detector barricade break start signal consonant blockage
condensor return water temp|system fall rejoinder key hark revert render temperature refund of reelect urine recurrence tax back body restitution come water retort temp reappearance return
power meter|ability baron meter power exponent world office might
supply water setpoint|body supply provision provide of water system add urine issue
supply water temp|body supply provision provide of water system add urine issue temp temperature
valve position|status position placement side place situation stead put valve military
condensor water supply water temp|body of supply provision provide water system add urine issue temp temperature
compressor|compressor
compressor-id|
max load sensor|warhead lode burden cargo soap detector load
flow variable|menstruation star varying stream flow menstruate run variable hang
filtered flow sensor|menstruation detector stream flow menstruate run hang percolate filter trickle
lead/lag sensor|stave go lead spark conduct run interim leash star moderate lag advance jumper cable imprison tip precede detector slowdown leave head contribute
cooling capacity|system capacity cooling cool capacitance capability
flow rate sensor|menstruation stream flow menstruate run rate hang pace detector
failure flag|masthead up bankruptcy iris ease sag failure flag pin
current reading|take reading stream recitation interpretation read understand Reading learn current
differential pressure reading|function blackmail pressure take reading differential press gear atmospheric recitation interpretation read coerce imperativeness understand Reading learn derived
differential pressure setpoint|function blackmail pressure differential press gear atmospheric coerce imperativeness derived
return water temp|system fall rejoinder key hark revert render temperature refund of reelect urine recurrence tax back body restitution come water retort temp reappearance return
condensor water flow variable|body of menstruation star water varying stream system flow menstruate run urine variable hang
cooling tower|system column loom cooling tugboat cool tower
cooling tower-id|cool system cooling
leaving status sensor|exit departure status condition leave impart forget bequeath entrust detector
bypass valve|bypass valve shunt beltway
air conditioner|atmosphere vent breeze conditioner out air travel publicize tune
air conditioner-id|atmosphere vent breeze out air travel publicize tune
temp sensor|temp temperature detector
condensor pump|pump heart
condensor pump-id|
fan control unit|of command whole fan restraint master manipulate control dominance condition unit sports winnow see measurement operate
fan control unit-id|command fan restraint master manipulate control dominance condition sports winnow see operate
hot water loop|body of closed water iteration system coil blistering urine cringle topology hot circuit loop
hot water loop-id|body of water system blistering urine hot
supply air setpoint|supply provision provide atmosphere vent breeze add out issue air travel publicize tune
energy meter|of Energy meter energy Department
power demand|ability baron necessitate power requirement need exponent world demand office might
power meter-id|ability baron power exponent world office might
hpsteam sensor|detector
steam on/off indicator|murder steam indicator away on off along steamer index
hps|horsepower
outside relative humidity|humidity away outside proportional outdoor external relative
max outside air temp|soap atmosphere vent breeze out away air outside temp outdoor travel external temperature publicize tune
cooling coil valve|gyrate system coil cooling cool valve handbuild
heating/cooling indicator|inflame heating system indicator cooling cool heat index
reheat coil|reheat coil gyrate handbuild
reheat coil-id|reheat
condensor|
reference temp|reference mention character point temp address citation book temperature
evaporation|vaporization dehydration
comp|examination comprehensive compressor
pid variable|inflammatory pelvic star varying disease variable
flow meter|menstruation stream flow menstruate run meter hang
flow meter-id|menstruation stream flow menstruate run hang
cold water loop|body of closed water iteration cold system coil urine cringle topology circuit coldness loop
cold water return temp|system fall rejoinder key hark revert render temperature coldness of refund reelect urine recurrence tax back body restitution water come retort cold temp reappearance return
cold water supply temp|body of supply provision provide water cold system add urine issue temp temperature coldness
cold water supply temp-id|body of supply provision provide water cold system add urine issue temperature coldness
cold water supply return temp|system fall rejoinder supply key provide hark revert add render temperature coldness of refund reelect urine issue recurrence tax back body provision restitution water come retort cold temp reappearance return
chilled water supply temp setpoint|body of supply provision provide water system chill add urine issue temp cool temperature
vav|star bulk atmosphere vent varying breeze out volume air variable travel book publicize tune
vav-id|star bulk atmosphere vent varying breeze out volume air variable travel book publicize tune
power factor|ability agent factor baron component gene power exponent world office divisor might
reactive power|ability baron power exponent world reactive office might
hot water return temp|system fall rejoinder key hark revert render temperature of refund reelect urine recurrence tax back body restitution water come retort blistering temp hot reappearance return
hot water supply temp|body of supply provision provide water system add blistering urine issue temp hot temperature
air flow sensor|menstruation atmosphere vent detector breeze stream flow menstruate run out air hang travel publicize tune
return fan|refund key restitution come hark retort reelect revert fall fan reappearance render recurrence rejoinder sports winnow tax return back
outside air damper|damper atmosphere vent breeze out away air outside outdoor damp travel external publicize tune
return air damper|fall rejoinder travel tune key hark vent revert out air render publicize refund damper reelect recurrence tax damp atmosphere back restitution come retort breeze reappearance return
return duct static pressure|duct atmospheric fall rejoinder electrostatic key pressure hark revert inactive render refund blackmail reelect coerce imperativeness recurrence tax back restitution come retort press static reappearance return
supply duct static pressure|duct supply provision provide blackmail pressure press atmospheric add issue inactive coerce imperativeness static electrostatic
exhaust air damper|down damper atmosphere vent breeze exhaust consume run out air travel damp publicize tune
room temp-id|room board temperature
window|window windowpane
window-id|
return air handler|handler fall rejoinder travel tune key hark vent revert out air render publicize refund trainer animal reelect recurrence coach tax atmosphere back restitution come retort breeze reappearance return
return air handler-id|fall rejoinder travel tune key hark vent revert out air render publicize refund reelect recurrence tax atmosphere back restitution come retort breeze reappearance return
air volume sensor|bulk atmosphere vent detector breeze out volume air travel book publicize tune
occupany sensor|detector
